{"small": 3.85, "medium": 1.6111111111111112, "large": 1.4172549019607843, "small_thresh": 15, "large_thresh": 45}