{
  "gold": {
    "xgb_cv_mae": 1.9081372916698456,
    "rf_cv_mae": 1.9072361784638154,
    "best_mae": 1.9072361784638154,
    "w_xgb": 0.499881910222802,
    "w_rf": 0.5001180897771978
  },
  "silver": {
    "xgb_cv_mae": 1.7426404505968094,
    "rf_cv_mae": 1.714710793993934,
    "best_mae": 1.714710793993934,
    "w_xgb": 0.4959608303254444,
    "w_rf": 0.5040391696745555
  },
  "bronze": {
    "xgb_cv_mae": 1.8901965841650963,
    "rf_cv_mae": 1.8514594025836784,
    "best_mae": 1.8514594025836784,
    "w_xgb": 0.49482352443428695,
    "w_rf": 0.5051764755657131
  },
  "total_medals": {
    "xgb_cv_mae": 3.9022446125745773,
    "rf_cv_mae": 3.998764628973511,
    "best_mae": 3.9022446125745773,
    "w_xgb": 0.5061080814771975,
    "w_rf": 0.49389191852280245
  }
}